{
    
    "Exit App":"Exit App",
    "Are you sure you want to exit?":"Are you sure you want to exit?",
    "No":"No",
    "Yes":"Yes",
    "Welcome back": "Welcome back",
    "Email Address": "Email Address",
    "Password":"Password",
    "Remember me":"Remember me",
    "Log in":"Log in",
    "Dashboard":"Dashboard",
    "Manager":"Manager",
    "Worker":"Worker",
    "Rooms":"Rooms",
    "Transactions":"Transactions",
    "Games":"Games",
    "Spin":"Spin", 
    "Profile":"Profile",
    "Settings":"Settings",
    "Logout":"Logout",
    "Edit Min / Max Bets":"Edit Min / Max Bets",
    "Min Jackpot":"Min Jackpot",
    "Max Jackpot":"Max Jackpot",
    "Confirm":"Confirm",
    "Cancel":"Cancel",
    "S. No.":"S. No.",
    "Minimum Bet":"Minimum Bet",
    "Maximum Bet":"Maximum Bet",
    "Game Name":"Game Name",
    "Enable":"Enable",
    "Min/Max Bet":"Min/Max Bet",
    "Create Manager":"Create Manager",
    "First Name":"First Name",
    "Last Name":"Last Name",
    "Username":"Username",
    "Save":"Save",
    "Edit Manager":"Edit Manager",
    "Update":"Update",
    "Search by name and username":"Search by name and username",
    "Active":"Active",
    "Blocked":"Blocked",
    "Credit Amount":"Credit Amount",
    "Payment":"Payment",
    "Manager Transactions":"Manager Transactions",
    "Transaction ID": "Transaction ID",
    "Amount":"Amount",
    "Current Balance":"Current Balance",
    "Date/Time":"Date/Time",
    "Narration":"Narration",
    "Change password":"Change password",
    "Old Password":"Old Password",
    "New Password":"New Password",
    "Confirm Password":"Confirm Password",
    "Update password":"Update password",
    "Back":"Back",
    "Machine No.":"Machine No.",
    "Machine Name":"Machine Name",
    "Session Status":"Session Status",
    "Unfreeze":"Unfreeze",
    "End Session":"End Session",
    "Add Balance":"Add Balance",
    "Remove Balance":"Remove Balance",
    "Freeze":"Freeze",
    "Session ID":"Session ID",
    "Machine ID":"Machine ID",
    "Worker ID":"Worker ID",
    "Bet Amount":"Bet Amount",
    "Winning Amount":"Winning Amount",
    "Create Room":"Create Room",
    "Room Name":"Room Name",
    "No. Of Machine":"No. Of Machine",
    "No. Of Spins":"No. Of Spins",
    "RTP%":"RTP%",
    "Currency":"Currency",
    "Language":"Language",
    "Edit Room":"Edit Room",
    "Real Time Count":"Real Time Count",
    "Deposit":"Deposit",
    "Withdraw":"Withdraw",
    "No. of Spins":"No. of Spins",
    "Room name":"Room name",
    "Balance":"Balance",
    "Max Machines":"Max Machines",
    "Min/Max Jackpot":"Min/Max Jackpot",
    "Delete":"Delete",
    "Edit":"Edit",
    "Allot Managers":"Allot Managers",
    "Allot Workers":"Allot Workers",
    "Return To Player":"Return To Player",
    "Bet":"Bet",
   
    "Min Bet":"MinBet",
    "Max Bet":"Max Bet",
    "Screens":"Screens",
    "Winning Game":"Winning Game",
    "Balance After Win":"Balance After Win",
    "Select Room":"Select Room",
    "Select Machine":"Select Machine",
    "Points":"Points",
    "Manager Name":"Manager Name",
    "Worker Name":"Worker Name",
    "Create Worker":"Create Worker",
    "Edit Worker":"Edit Worker",
    "Block":"Block",
    "Manager not found":"Managers not found",
    "Worker not found":"Workers not found",
    "Transactions not found":"Transactions not found",
    "Do you really want to Block the Worker":"Do you really want to Block the Worker",
    "Do you really want to Block the Manager":"Do you really want to Block the Manager",
    "Do you really want to Unblock the Worker":"Do you really want to Unblock the Worker",
    "Do you really want to Unblock the Manager":"Do you really want to Unblock the Manager",
    "Do you really want to Freeze the Room?":"Do you really want to Freeze the Room?",
    "Do you really want to Unfreeze the Room?":"Do you really want to Unfreeze the Room?",
    "Yes Block":"Yes Block",
    "Yes Unblock":"Yes Unblock",
    "Do you really want to Delete the Room?":"Do you really want to Delete the Room?",
    "Do you really want to Freeze the Machine?":"Do you really want to Freeze the Machine?",
    "Do you really want to Unfreeze the Machine?":"Do you really want to Unfreeze the Machine?",
    "Alert":"Alert",
    "This app need permissions,Please allow it":"This app need permissions,Please allow it",
    "Close":"Close",
    "Open Settings":"Open Settings",
    "Yes Freeze":"Yes Freeze",
    "Yes Unfreeze":"Yes Unfreeze",
    "Do you really want to Disable the Game?":"Do you really want to Disable the Game?",
    "Do you really want to Enable the Game?":"Do you really want to Enable the Game?",
    "Do you really want to enable the game in all room?":"Do you really want to enable the game in all room?",
    "Yes Disable":"Yes Disable",
    "Yes Enable":"Yes Enable",
    "Managers":"Managers",
    "Ended":"Ended",
    "Workers":"Workers",
    "Enabled":"Enabled",
    "Disabled":"Disabled",
    "Disable":"Disable",
    "Freezed":"Freezed",
    "Machines":"Machines",
    "Sessions":"Sessions",
    "Unblock":"Unblock",
    "Submit":"Submit",
    "Master Enable":"Master Enable",
    "Max Spin Win":"Max Spin Win",
    "View Transactions":"View Transactions",
    "Max jackpot amount must be greater than min jackpot amount":"Max jackpot amount must be greater than min jackpot amount",
        "Please enter first name":"Please enter first name",
        "Please enter user name":"Please enter user name",
        "Please enter password":"Please enter password",
        "Please enter amount":"Please enter amount",
        "Please enter room name":"Please enter room name",
        "Please enter number of machine":"Please enter number of machine",
        "Please enter minimum jackpot":"Please enter minimum jackpot",
        "Please enter max jackpot":"Please enter max jackpot",
        "Please enter number of spins":"Please enter number of spins",
        "Please enter RTP":"Please enter RTP",
        "Please select currency":"Please select currency",
        "Please select language":"Please select language",
        "Please enter min bet":"Please enter min bet",
        "Please enter valid min bet":"Please enter valid min bet",
        "Please enter max bet":"Please enter max bet",
        "Please enter valid max bet":"Please enter valid max bet",
        "Please enter your first name":"Please enter your first name",
        "Please enter your last name":"Please enter your last name",
        "Please enter your user name":"Please enter your user name",
        "Please enter your old password":"Please enter your old password",
        "Please enter your new password":"Please enter your new password",
        "new password and old password can't be same":"new password and old password can't be same",
        "Please enter your confirm password":"Please enter your confirm password",
        "New password and confirm password must same":"New password and confirm password must same",
        "please select atleast worker":"please select atleast worker",
        "please select atleast workers":"please select atleast workers",
        "Select":"Select",
        "Search by name":"Search by name",
        "Alloted Rooms":"Alloted Rooms",
        "Log in to manage Golden Reels.":"Log in to manage Golden Reels.",
        "RTP must be in range 0 to 100":"RTP must be in range 0 to 100",
        "Manager created successfully":"Manager created successfully",
        "Manager updated successfully":"Manager updated successfully",
        "Worker created successfully":"Worker created successfully",
        "Worker updated successfully":"Worker updated successfully",
        "Manager block successfully":"Manager block successfully",
        "Manager unblock successfully":"Manager unblock successfully",
        "Amount deposit successfully":"Amount deposit successfully",
        "Amount withdraw successfully":"Amount withdraw successfully",
        "Worker block successfully":"Worker block successfully",
        "Worker unblock successfully":"Worker unblock successfully",
        "Room created successfully":"Room created successfully",
        "Room updated successfully":"Room updated successfully",
        "All Room freezed successfully":"All Room freezed successfully",
        "Room freezed successfully":"Room freezed successfully",
        "Room Unfreezed successfully":"Room Unfreezed successfully",
        "Room deleted successfully":"Room deleted successfully",
        "Game Disabled successfully":"Game Disabled successfully",
        "Game Enabled successfully":"Game Enabled successfully",
        "Session ended successfully":"Session ended successfully",
        "Machine freezed successfully":"Machine freezed successfully",
        "Machine Unfreezed successfully": "Machine Unfreezed successfully",
        "All Machine freezed successfully":"All Machine freezed successfully",
        "Min-Max bet updated successfully":"Min-Max bet updated successfully",
        "Profile updated successfully":"Profile updated successfully",
        "Profile Image Uploaded Successfully":"Profile Image Uploaded Successfully",
        "Password updated successfully":"Password updated successfully",
        "Managers alloted successfully":"Managers alloted successfully",
        "workers alloted successfully":"workers alloted successfully",
        "Game enabled in all room successfully":"Game enabled in all room successfully"
}
