{
    "Exit App": "יציאה מהאפליקציה",
    "Are you sure you want to exit?": "האם אתה בטוח שברצונך לצאת?",
    "No": "לא",
    "Yes": "כן",
    "Welcome back": "ברוך שובך",
    "Email Address": "כתובת אימייל",
    "Password": "סיסמה",
    "Remember me": "זכור אותי",
    "Log in": "התחבר",
    "Dashboard": "לוח בקרה",
    "Manager": "מנהל",
    "Worker": "עובד",
    "Rooms": "חדרים",
    "Transactions": "עסקאות",
    "Games": "משחקים",
    "Spin": "סובב",
    "Profile": "פרופיל",
    "Settings": "הגדרות",
    "Logout": "התנתק",
    "Edit Min / Max Bets": "ערוך מינימום / מקסימום הימורים",
    "Min Jackpot": "מינימום ג'קפוט",
    "Max Jackpot": "מקסימום ג'קפוט",
    "Confirm": "אשר",
    "Cancel": "בטל",
    "S. No.": "מספר סידורי",
    "Minimum Bet": "הימור מינימום",
    "Maximum Bet": "הימור מקסימום",
    "Game Name": "שם המשחק",
    "Enable": "אפשר",
    "Min/Max Bet": "מינימום/מקסימום הימור",
    "Create Manager": "צור מנהל",
    "First Name": "שם פרטי",
    "Last Name": "שם משפחה",
    "Username": "שם משתמש",
    "Save": "שמור",
    "Edit Manager": "ערוך מנהל",
    "Update": "עדכן",
    "Search by name and username": "חפש לפי שם ושם משתמש",
    "Active": "פעיל",
    "Blocked": "חסום",
    "Credit Amount": "סכום אשראי",
    "Payment": "תשלום",
    "Manager Transactions": "עסקאות מנהל",
    "Transaction ID": "מספר עסקה",
    "Amount": "סכום",
    "Current Balance": "יתרה נוכחית",
    "Date/Time": "תאריך/שעה",
    "Narration": "תיאור",
    "Change password": "שנה סיסמה",
    "Old Password": "סיסמה ישנה",
    "New Password": "סיסמה חדשה",
    "Confirm Password": "אשר סיסמה",
    "Update password": "עדכן סיסמה",
    "Back": "חזרה",
    "Machine No.": "מספר מכונה",
    "Machine Name": "שם המכונה",
    "Session Status": "סטטוס סשן",
    "Unfreeze": "הפשר",
    "End Session": "סיים סשן",
    "Add Balance": "הוסף יתרה",
    "Remove Balance": "הסר יתרה",
    "Freeze": "הקפא",
    "Session ID": "מספר סשן",
    "Machine ID": "מספר מכונה",
    "Worker ID": "מספר עובד",
    "Bet Amount": "סכום הימור",
    "Winning Amount": "סכום זכייה",
    "Create Room": "צור חדר",
    "Room Name": "שם החדר",
    "No. Of Machine": "מספר מכונות",
    "No. Of Spins": "מספר סיבובים",
    "RTP%": "RTP%",
    "Currency": "מטבע",
    "Language": "שפה",
    "Edit Room": "ערוך חדר",
    "Real Time Count": "ספירה בזמן אמת",
    "Deposit": "הפקדה",
    "Withdraw": "משיכה",
    "No. of Spins": "מספר סיבובים",
    "Room name": "שם החדר",
    "Balance": "יתרה",
    "Max Machines": "מקסימום מכונות",
    "Min/Max Jackpot": "מינימום/מקסימום ג'קפוט",
    "Delete": "מחק",
    "Edit": "ערוך",
    "Allot Managers": "הקצה מנהלים",
    "Allot Workers": "הקצה עובדים",
    "Return To Player": "החזר לשחקן",
    "Bet": "הימור",
    "Min Bet": "מינימום הימור",
    "Max Bet": "מקסימום הימור",
    "Screens": "מסכים",
    "Winning Game": "משחק מנצח",
    "Balance After Win": "יתרה אחרי זכייה",
    "Select Room": "בחר חדר",
    "Select Machine": "בחר מכונה",
    "Points": "נקודות",
    "Manager Name": "שם המנהל",
    "Worker Name": "שם העובד",
    "Create Worker": "צור עובד",
    "Edit Worker": "ערוך עובד",
    "Block": "חסום",
    "Manager not found": "מנהל לא נמצא",
    "Worker not found": "עובד לא נמצא",
    "Transactions not found": "עסקאות לא נמצאו",
    "Do you really want to Block the Worker": "האם אתה בטוח שברצונך לחסום את העובד?",
    "Do you really want to Block the Manager": "האם אתה בטוח שברצונך לחסום את המנהל?",
    "Do you really want to Unblock the Worker": "האם אתה בטוח שברצונך לשחרר את החסימה של העובד?",
    "Do you really want to Unblock the Manager": "האם אתה בטוח שברצונך לשחרר את החסימה של המנהל?",
    "Do you really want to Freeze the Room?": "האם אתה בטוח שברצונך להקפיא את החדר?",
    "Do you really want to Unfreeze the Room?": "האם אתה בטוח שברצונך להפשיר את החדר?",
    "Yes Block": "כן, חסום",
    "Yes Unblock": "כן, שחרר חסימה",
    "Do you really want to Delete the Room?": "האם אתה בטוח שברצונך למחוק את החדר?",
    "Do you really want to Freeze the Machine?": "האם אתה בטוח שברצונך להקפיא את המכונה?",
    "Do you really want to Unfreeze the Machine?": "האם אתה בטוח שברצונך להפשיר את המכונה?",
    "Alert": "התראה",
    "This app need permissions,Please allow it": "לאפליקציה זו דרושות הרשאות, נא לאפשר זאת",
    "Close": "סגור",
    "Open Settings": "פתח הגדרות",
    "Yes Freeze": "כן, הקפא",
    "Yes Unfreeze": "כן, הפשר",
    "Do you really want to Disable the Game?": "האם אתה בטוח שברצונך להשבית את המשחק?",
    "Do you really want to Enable the Game?": "האם אתה בטוח שברצונך להפעיל את המשחק?",
    "Do you really want to enable the game in all room?": "האם אתה בטוח שברצונך להפעיל את המשחק בכל החדרים?",
    "Yes Disable": "כן, השבת",
    "Yes Enable": "כן, הפעל",
    "Managers": "מנהלים",
    "Ended": "הסתיים",
    "Workers": "עובדים",
    "Enabled": "מופעל",
    "Disabled": "מושבת",
    "Disable": "השבת",
    "Freezed": "מוקפא",
    "Machines": "מכונות",
    "Sessions": "סשנים",
    "Unblock": "שחרר חסימה",
    "Submit": "שלח",
    "Master Enable": "הפעלה ראשית",
    "Max Spin Win": "זכייה מקסימלית בסיבוב",
    "View Transactions": "צפה בעסקאות",
    "Max jackpot amount must be greater than min jackpot amount":"סכום הקופה המקסימלי חייב להיות גדול מסכום הקופה המינימלי",
    "Please enter first name": "אנא הזן שם פרטי",
    "Please enter user name": "אנא הזן שם משתמש",
    "Please enter password": "אנא הזן סיסמה",
    "Please enter amount": "אנא הזן סכום",
    "Please enter room name": "אנא הזן שם חדר",
    "Please enter number of machine": "אנא הזן מספר מכונות",
    "Please enter minimum jackpot": "אנא הזן ג'קפוט מינימלי",
    "Please enter max jackpot": "אנא הזן ג'קפוט מקסימלי",
    "Please enter number of spins": "אנא הזן מספר סיבובים",
    "Please enter RTP": "אנא הזן RTP",
    "Please select currency": "אנא בחר מטבע",
    "Please select language": "אנא בחר שפה",
    "Please enter min bet": "אנא הזן הימור מינימלי",
    "Please enter valid min bet": "אנא הזן הימור מינימלי תקין",
    "Please enter max bet": "אנא הזן הימור מקסימלי",
    "Please enter valid max bet": "אנא הזן הימור מקסימלי תקין",
    "Please enter your first name": "אנא הזן את שמך הפרטי",
    "Please enter your last name": "אנא הזן את שם משפחתך",
    "Please enter your user name": "אנא הזן שם משתמש",
    "Please enter your old password": "אנא הזן את הסיסמה הישנה שלך",
    "Please enter your new password": "אנא הזן סיסמה חדשה",
    "new password and old password can't be same": "הסיסמה החדשה והסיסמה הישנה אינן יכולות להיות זהות",
    "Please enter your confirm password": "אנא הזן את הסיסמה לאישור",
    "New password and confirm password must same": "הסיסמה החדשה והסיסמה לאישור חייבות להיות זהות",
    "please select atleast worker": "אנא בחר לפחות עובד אחד",
    "please select atleast workers": "אנא בחר לפחות עובדים",
    "Select": "בחר",
    "Search by name":"חפש לפי שם",
    "Alloted Rooms":"חדרים מוקצים",
    "Log in to manage Golden Reels.":"היכנס כדי לנהל את Golden Reels.",
    "RTP must be in range 0 to 100":"RTP חייב להיות בטווח 0 עד 100",
    "Manager created successfully": "מנהל נוצר בהצלחה",
    "Manager updated successfully": "מנהל עודכן בהצלחה",
    "Worker created successfully": "עובד נוצר בהצלחה",
    "Worker updated successfully": "עובד עודכן בהצלחה",
    "Manager block successfully": "המנהל נחסם בהצלחה",
    "Manager unblock successfully": "המנהל שוחרר חסימה בהצלחה",
    "Amount deposit successfully": "הסכום הופקד בהצלחה",
    "Amount withdraw successfully": "הסכום נמשך בהצלחה",
    "Worker block successfully": "העובד נחסם בהצלחה",
    "Worker unblock successfully": "העובד שוחרר חסימה בהצלחה",
    "Room created successfully": "החדר נוצר בהצלחה",
    "Room updated successfully": "החדר עודכן בהצלחה",
    "All Room freezed successfully": "כל החדרים הוקפאו בהצלחה",
    "Room freezed successfully": "החדר הוקפא בהצלחה",
    "Room Unfreezed successfully": "החדר הופשר בהצלחה",
    "Room deleted successfully": "החדר נמחק בהצלחה",
    "Game Disabled successfully": "המשחק הושבת בהצלחה",
    "Game Enabled successfully": "המשחק הופעל בהצלחה",
    "Session ended successfully": "הסשן הסתיים בהצלחה",
    "Machine freezed successfully": "המכונה הוקפאה בהצלחה",
    "Machine Unfreezed successfully": "המכונה הופשרה בהצלחה",
    "All Machine freezed successfully": "כל המכונות הוקפאו בהצלחה",
    "Min-Max bet updated successfully": "ההימור מינימום-מקסימום עודכן בהצלחה",
    "Profile updated successfully": "הפרופיל עודכן בהצלחה",
    "Profile Image Uploaded Successfully": "תמונת הפרופיל הועלתה בהצלחה",
    "Password updated successfully": "הסיסמה עודכנה בהצלחה",
    "Managers alloted successfully": "המנהלים הוקצו בהצלחה",
    "workers alloted successfully": "העובדים הוקצו בהצלחה",
    "Game enabled in all room successfully": "המשחק הופעל בכל החדרים בהצלחה"
}
