{
  "Exit App": "Выйти из приложения",
  "Are you sure you want to exit?": "Вы уверены, что хотите выйти?",
  "No": "Нет",
  "Yes": "Да",
  "Welcome back": "Добро пожаловать",
  "Email Address": "Адрес электронной почты",
  "Password": "Пароль",
  "Remember me": "Запомнить меня",
  "Log in": "Войти",
  "Dashboard": "Панель управления",
  "Manager": "Менеджер",
  "Worker": "Рабочий",
  "Rooms": "Комнаты",
  "Transactions": "Транзакции",
  "Games": "Игры",
  "Spin": "Спин",
  "Profile": "Профиль",
  "Settings": "Настройки",
  "Logout": "Выйти",
  "Edit Min / Max Bets": "Редактировать мин / макс ставки",
  "Min Jackpot": "Мин. Джекпот",
  "Max Jackpot": "Макс. Джекпот",
  "Confirm": "Подтвердить",
  "Cancel": "Отмена",
  "S. No.": "Серийный номер",
  "Minimum Bet": "Мин. ставка",
  "Maximum Bet": "Макс. ставка",
  "Game Name": "Название игры",
  "Enable": "Включить",
  "Min/Max Bet": "Мин/Макс ставка",
  "Create Manager": "Создать менеджера",
  "First Name": "Имя",
  "Last Name": "Фамилия",
  "Username": "Имя пользователя",
  "Save": "Сохранить",
  "Edit Manager": "Редактировать менеджера",
  "Update": "Обновить",
  "Search by name and username": "Поиск по имени и имени пользователя",
  "Active": "Активен",
  "Blocked": "Заблокирован",
  "Credit Amount": "Сумма кредита",
  "Payment": "Платеж",
  "Manager Transactions": "Транзакции менеджера",
  "Transaction ID": "ID транзакции",
  "Amount": "Сумма",
  "Current Balance": "Текущий баланс",
  "Date/Time": "Дата/время",
  "Narration": "Описание",
  "Change password": "Сменить пароль",
  "Old Password": "Старый пароль",
  "New Password": "Новый пароль",
  "Confirm Password": "Подтвердите пароль",
  "Update password": "Обновить пароль",
  "Back": "Назад",
  "Machine No.": "Номер машины",
  "Machine Name": "Название машины",
  "Session Status": "Статус сессии",
  "Unfreeze": "Разморозить",
  "End Session": "Завершить сессию",
  "Add Balance": "Добавить баланс",
  "Remove Balance": "Удалить баланс",
  "Freeze": "Заморозить",
  "Session ID": "ID сессии",
  "Machine ID": "ID машины",
  "Worker ID": "ID рабочего",
  "Bet Amount": "Сумма ставки",
  "Winning Amount": "Сумма выигрыша",
  "Create Room": "Создать комнату",
  "Room Name": "Название комнаты",
  "No. Of Machine": "Количество машин",
  "No. Of Spins": "Количество спинов",
  "RTP%": "RTP%",
  "Currency": "Валюта",
  "Language": "Язык",
  "Edit Room": "Редактировать комнату",
  "Real Time Count": "Подсчет в реальном времени",
  "Deposit": "Депозит",
  "Withdraw": "Вывод",
  "No. of Spins": "Количество спинов",
  "Room name": "Название комнаты",
  "Balance": "Баланс",
  "Max Machines": "Макс. машин",
  "Min/Max Jackpot": "Мин/Макс Джекпот",
  "Delete": "Удалить",
  "Edit": "Редактировать",
  "Allot Managers": "Назначить менеджеров",
  "Allot Workers": "Назначить рабочих",
  "Return To Player": "Возврат игроку",
  "Bet": "Ставка",
  "Min Bet": "Мин. ставка",
  "Max Bet": "Макс. ставка",
  "Screens": "Экран",
  "Winning Game": "Выигрышная игра",
  "Balance After Win": "Баланс после выигрыша",
  "Select Room": "Выберите комнату",
  "Select Machine": "Выберите машину",
  "Points": "Очки",
  "Manager Name": "Имя менеджера",
  "Worker Name": "Имя рабочего",
  "Create Worker": "Создать рабочего",
  "Edit Worker": "Редактировать рабочего",
  "Block": "Заблокировать",
  "Manager not found": "Менеджер не найден",
  "Worker not found": "Рабочий не найден",
  "Transactions not found": "Транзакции не найдены",
  "Do you really want to Block the Worker": "Вы действительно хотите заблокировать рабочего?",
  "Do you really want to Block the Manager": "Вы действительно хотите заблокировать менеджера?",
  "Do you really want to Unblock the Worker": "Вы действительно хотите разблокировать рабочего?",
  "Do you really want to Unblock the Manager": "Вы действительно хотите разблокировать менеджера?",
  "Do you really want to Freeze the Room?": "Вы действительно хотите заморозить комнату?",
  "Do you really want to Unfreeze the Room?": "Вы действительно хотите разморозить комнату?",
  "Yes Block": "Да, заблокировать",
  "Yes Unblock": "Да, разблокировать",
  "Do you really want to Delete the Room?": "Вы действительно хотите удалить комнату?",
  "Do you really want to Freeze the Machine?": "Вы действительно хотите заморозить машину?",
  "Do you really want to Unfreeze the Machine?": "Вы действительно хотите разморозить машину?",
  "Alert": "Оповещение",
  "This app need permissions,Please allow it": "Этому приложению нужны разрешения. Пожалуйста, предоставьте их",
  "Close": "Закрыть",
  "Open Settings": "Открыть настройки",
  "Yes Freeze": "Да, заморозить",
  "Yes Unfreeze": "Да, разморозить",
  "Do you really want to Disable the Game?": "Вы действительно хотите отключить игру?",
  "Do you really want to Enable the Game?": "Вы действительно хотите включить игру?",
  "Do you really want to enable the game in all room?": "Вы действительно хотите включить игру во всех комнатах?",
  "Yes Disable": "Да, отключить",
  "Yes Enable": "Да, включить",
  "Managers": "Менеджеры",
  "Ended": "Завершено",
  "Workers": "Рабочие",
  "Enabled": "Включено",
  "Disabled": "Отключено",
  "Disable": "Отключить",
  "Freezed": "Заморожено",
  "Machines": "Машины",
  "Sessions": "Сессии",
  "Unblock": "Разблокировать",
  "Submit": "Отправить",
  "Master Enable": "Мастер-включение",
  "Max Spin Win": "Макс. выигрыш на спин",
  "View Transactions": "Просмотр транзакций",
  "Max jackpot amount must be greater than min jackpot amount":"Максимальная сумма джекпота должна быть больше минимальной суммы джекпота.",
  "Please enter first name": "Пожалуйста, введите имя",
  "Please enter user name": "Пожалуйста, введите имя пользователя",
  "Please enter password": "Пожалуйста, введите пароль",
  "Please enter amount": "Пожалуйста, введите сумму",
  "Please enter room name": "Пожалуйста, введите название комнаты",
  "Please enter number of machine": "Пожалуйста, введите количество машин",
  "Please enter minimum jackpot": "Пожалуйста, введите минимальный джекпот",
  "Please enter max jackpot": "Пожалуйста, введите максимальный джекпот",
  "Please enter number of spins": "Пожалуйста, введите количество спинов",
  "Please enter RTP": "Пожалуйста, введите RTP",
  "Please select currency": "Пожалуйста, выберите валюту",
  "Please select language": "Пожалуйста, выберите язык",
  "Please enter min bet": "Пожалуйста, введите мин. ставку",
  "Please enter valid min bet": "Пожалуйста, введите действительную мин. ставку",
  "Please enter max bet": "Пожалуйста, введите макс. ставку",
  "Please enter valid max bet": "Пожалуйста, введите действительную макс. ставку",
  "Please enter your first name": "Пожалуйста, введите ваше имя",
  "Please enter your last name": "Пожалуйста, введите вашу фамилию",
  "Please enter your user name": "Пожалуйста, введите ваше имя пользователя",
  "Please enter your old password": "Пожалуйста, введите ваш старый пароль",
  "Please enter your new password": "Пожалуйста, введите ваш новый пароль",
  "new password and old password can't be same": "Новый и старый пароли не могут быть одинаковыми",
  "Please enter your confirm password": "Пожалуйста, введите пароль для подтверждения",
  "New password and confirm password must same": "Новый и подтвержденный пароли должны совпадать",
  "please select atleast worker": "Пожалуйста, выберите хотя бы одного рабочего",
  "please select atleast workers": "Пожалуйста, выберите хотя бы нескольких рабочих",
  "Select": "Выбрать",
  "Search by name":"Поиск по имени",
  "Alloted Rooms":"Отведенные комнаты",
  "Log in to manage Golden Reels.":"Войдите в систему, чтобы управлять Golden Reels.",
  "RTP must be in range 0 to 100":"RTP должен находиться в диапазоне от 0 до 100.",
  "Manager created successfully": "Менеджер успешно создан",
  "Manager updated successfully": "Менеджер успешно обновлен",
  "Worker created successfully": "Рабочий успешно создан",
  "Worker updated successfully": "Рабочий успешно обновлен",
  "Manager block successfully": "Менеджер успешно заблокирован",
  "Manager unblock successfully": "Менеджер успешно разблокирован",
  "Amount deposit successfully": "Сумма успешно внесена",
  "Amount withdraw successfully": "Сумма успешно снята",
  "Worker block successfully": "Рабочий успешно заблокирован",
  "Worker unblock successfully": "Рабочий успешно разблокирован",
  "Room created successfully": "Комната успешно создана",
  "Room updated successfully": "Комната успешно обновлена",
  "All Room freezed successfully": "Все комнаты успешно заморожены",
  "Room freezed successfully": "Комната успешно заморожена",
  "Room Unfreezed successfully": "Комната успешно разморожена",
  "Room deleted successfully": "Комната успешно удалена",
  "Game Disabled successfully": "Игра успешно отключена",
  "Game Enabled successfully": "Игра успешно включена",
  "Session ended successfully": "Сессия успешно завершена",
  "Machine freezed successfully": "Машина успешно заморожена",
  "Machine Unfreezed successfully": "Машина успешно разморожена",
  "All Machine freezed successfully": "Все машины успешно заморожены",
  "Min-Max bet updated successfully": "Мин/Макс ставка успешно обновлена",
  "Profile updated successfully": "Профиль успешно обновлен",
  "Profile Image Uploaded Successfully": "Изображение профиля успешно загружено",
  "Password updated successfully": "Пароль успешно обновлен",
  "Managers alloted successfully": "Менеджеры успешно назначены",
  "workers alloted successfully": "Рабочие успешно назначены",
  "Game enabled in all room successfully": "Игра успешно включена во всех комнатах"
}
